[
  {
    "robotName": "Quantum AI",
    "slug": "quantum-ai",
    "urls": {
      "en": "https://botfounders.com/quantum-ai",
      "de": "https://botfounders.com/de/quantum-ai",
      "es": "https://botfounders.com/es/quantum-ai",
      "fr": "https://botfounders.com/fr/quantum-ai"
    }
  },
  {
    "robotName": "BitBot Pro",
    "slug": "bitbot-pro",
    "urls": {
      "en": "https://botfounders.com/bitbot-pro",
      "de": "https://botfounders.com/de/bitbot-pro",
      "es": "https://botfounders.com/es/bitbot-pro",
      "fr": "https://botfounders.com/fr/bitbot-pro"
    }
  }
]